-- phpMyAdmin SQL Dump
-- version 4.5.4.1deb2ubuntu1
-- http://www.phpmyadmin.net
--
-- Host: localhost
-- Generation Time: 2016-09-04 17:43:07
-- 服务器版本： 5.7.13-0ubuntu0.16.04.2
-- PHP Version: 7.0.8-0ubuntu0.16.04.2

SET SQL_MODE = "NO_AUTO_VALUE_ON_ZERO";
SET time_zone = "+00:00";


/*!40101 SET @OLD_CHARACTER_SET_CLIENT=@@CHARACTER_SET_CLIENT */;
/*!40101 SET @OLD_CHARACTER_SET_RESULTS=@@CHARACTER_SET_RESULTS */;
/*!40101 SET @OLD_COLLATION_CONNECTION=@@COLLATION_CONNECTION */;
/*!40101 SET NAMES utf8mb4 */;

--
-- Database: `app`
--

-- --------------------------------------------------------

--
-- 表的结构 `app2_admin`
--

CREATE TABLE `app2_admin` (
  `userid` mediumint(6) UNSIGNED NOT NULL,
  `username` varchar(20) DEFAULT NULL,
  `password` varchar(32) DEFAULT NULL,
  `roleid` smallint(5) DEFAULT '0',
  `encrypt` varchar(6) DEFAULT NULL,
  `lastloginip` varchar(15) DEFAULT NULL,
  `lastlogintime` int(10) UNSIGNED DEFAULT '0',
  `email` varchar(40) DEFAULT NULL,
  `realname` varchar(50) NOT NULL DEFAULT ''
) ENGINE=MyISAM DEFAULT CHARSET=utf8;

--
-- 转存表中的数据 `app2_admin`
--

INSERT INTO `app2_admin` (`userid`, `username`, `password`, `roleid`, `encrypt`, `lastloginip`, `lastlogintime`, `email`, `realname`) VALUES
(1, 'admin', '50dd194081745049f664a83c8e19cbda', 1, 'MBwtyn', '127.0.0.1', 1472979030, '15677792@qq.com', '');

-- --------------------------------------------------------

--
-- 表的结构 `app2_admin_role`
--

CREATE TABLE `app2_admin_role` (
  `roleid` tinyint(3) UNSIGNED NOT NULL,
  `rolename` varchar(50) NOT NULL,
  `description` text NOT NULL,
  `listorder` smallint(5) UNSIGNED NOT NULL DEFAULT '0',
  `disabled` tinyint(1) UNSIGNED NOT NULL DEFAULT '0'
) ENGINE=MyISAM DEFAULT CHARSET=utf8;

--
-- 转存表中的数据 `app2_admin_role`
--

INSERT INTO `app2_admin_role` (`roleid`, `rolename`, `description`, `listorder`, `disabled`) VALUES
(1, '超级管理员', '超级管理员', 0, 0),
(2, '普通用户', '普通用户', 0, 0);

-- --------------------------------------------------------

--
-- 表的结构 `app2_admin_role_priv`
--

CREATE TABLE `app2_admin_role_priv` (
  `roleid` tinyint(3) UNSIGNED NOT NULL DEFAULT '0',
  `c` char(20) NOT NULL,
  `a` char(20) NOT NULL
) ENGINE=MyISAM DEFAULT CHARSET=utf8;

-- --------------------------------------------------------

--
-- 表的结构 `app2_category`
--

CREATE TABLE `app2_category` (
  `catid` smallint(5) UNSIGNED NOT NULL,
  `type` tinyint(1) UNSIGNED NOT NULL DEFAULT '0',
  `parentid` smallint(5) UNSIGNED NOT NULL DEFAULT '0',
  `catname` varchar(30) NOT NULL,
  `description` mediumtext NOT NULL,
  `url` varchar(100) NOT NULL,
  `setting` mediumtext NOT NULL,
  `listorder` smallint(5) UNSIGNED NOT NULL DEFAULT '0',
  `ismenu` tinyint(1) UNSIGNED NOT NULL DEFAULT '1'
) ENGINE=MyISAM DEFAULT CHARSET=utf8;

-- --------------------------------------------------------

--
-- 表的结构 `app2_category_priv`
--

CREATE TABLE `app2_category_priv` (
  `catid` smallint(5) UNSIGNED NOT NULL DEFAULT '0',
  `roleid` smallint(5) UNSIGNED NOT NULL DEFAULT '0',
  `is_admin` tinyint(1) UNSIGNED NOT NULL DEFAULT '0',
  `action` char(30) NOT NULL
) ENGINE=MyISAM DEFAULT CHARSET=utf8;

-- --------------------------------------------------------

--
-- 表的结构 `app2_data_dict`
--

CREATE TABLE `app2_data_dict` (
  `type_id` int(6) NOT NULL COMMENT '类型ID',
  `belong_type` int(6) NOT NULL COMMENT 'ID所属的类型',
  `type_name` varchar(16) NOT NULL COMMENT '类型名称',
  `status` tinyint(1) NOT NULL COMMENT '课程或题目类型的可用状态'
) ENGINE=InnoDB DEFAULT CHARSET=utf8;

--
-- 转存表中的数据 `app2_data_dict`
--

INSERT INTO `app2_data_dict` (`type_id`, `belong_type`, `type_name`, `status`) VALUES
(101, 100, '单项选择题', 1),
(102, 100, '多项选择题', 1),
(103, 100, '判断题', 1),
(104, 100, '填空题', 0),
(105, 100, '问答题', 0),
(201, 200, '高等数学', 1),
(202, 200, '大学物理', 1);

-- --------------------------------------------------------

--
-- 表的结构 `app2_link`
--

CREATE TABLE `app2_link` (
  `linkid` smallint(5) UNSIGNED NOT NULL,
  `linktype` tinyint(1) UNSIGNED NOT NULL DEFAULT '0',
  `name` varchar(50) NOT NULL DEFAULT '',
  `url` varchar(255) NOT NULL DEFAULT '',
  `logo` varchar(255) NOT NULL DEFAULT '',
  `introduce` text NOT NULL,
  `listorder` smallint(5) UNSIGNED NOT NULL DEFAULT '0',
  `passed` tinyint(1) UNSIGNED NOT NULL DEFAULT '0',
  `addtime` int(10) UNSIGNED NOT NULL DEFAULT '0'
) ENGINE=MyISAM DEFAULT CHARSET=utf8;

-- --------------------------------------------------------

--
-- 表的结构 `app2_log`
--

CREATE TABLE `app2_log` (
  `logid` int(10) UNSIGNED NOT NULL,
  `controller` varchar(15) NOT NULL,
  `action` varchar(20) NOT NULL,
  `querystring` mediumtext NOT NULL,
  `userid` mediumint(8) UNSIGNED NOT NULL DEFAULT '0',
  `username` varchar(20) NOT NULL,
  `ip` varchar(15) NOT NULL,
  `time` datetime NOT NULL DEFAULT '0000-00-00 00:00:00'
) ENGINE=MyISAM DEFAULT CHARSET=utf8;

-- --------------------------------------------------------

--
-- 表的结构 `app2_menu`
--

CREATE TABLE `app2_menu` (
  `id` smallint(6) UNSIGNED NOT NULL,
  `name` char(40) NOT NULL DEFAULT '',
  `parentid` smallint(6) NOT NULL DEFAULT '0',
  `c` char(20) NOT NULL DEFAULT '',
  `a` char(20) NOT NULL DEFAULT '',
  `data` char(255) NOT NULL DEFAULT '',
  `is_system` tinyint(1) NOT NULL DEFAULT '0',
  `listorder` smallint(6) UNSIGNED NOT NULL DEFAULT '0',
  `display` enum('1','0') NOT NULL DEFAULT '1'
) ENGINE=MyISAM DEFAULT CHARSET=utf8;

--
-- 转存表中的数据 `app2_menu`
--

INSERT INTO `app2_menu` (`id`, `name`, `parentid`, `c`, `a`, `data`, `is_system`, `listorder`, `display`) VALUES
(1, '我的面板', 0, 'Admin', 'public_top', '', 1, 1, '1'),
(2, '系统设置', 0, 'Setting', 'top', '', 0, 2, '1'),
(3, '内容管理', 0, 'Content', 'top', '', 0, 3, '1'),
(4, '用户管理', 0, 'Member', 'top', '', 0, 4, '1'),
(5, '后台管理', 0, 'System', 'top', '', 0, 5, '1'),
(6, '个人信息', 1, 'Admin', 'public_left', '', 1, 0, '1'),
(7, '修改密码', 6, 'Admin', 'public_editPwd', '', 1, 1, '1'),
(8, '修改个人信息', 6, 'Admin', 'public_editInfo', '', 1, 0, '1'),
(9, '系统设置', 2, 'Setting', 'left', '', 0, 1, '1'),
(10, '站点设置', 9, 'Setting', 'site', '', 0, 1, '1'),
(11, '管理员设置', 2, 'Admin', 'left', '', 0, 2, '1'),
(12, '管理员管理', 11, 'Admin', 'memberList', '', 0, 1, '1'),
(13, '角色管理', 11, 'Admin', 'roleList', '', 0, 2, '1'),
(14, '后台管理', 5, 'System', 'left', '', 0, 1, '1'),
(15, '日志管理', 14, 'System', 'logList', '', 0, 1, '1'),
(16, '菜单管理', 14, 'System', 'menuList', '', 0, 2, '1'),
(17, '查看菜单', 16, 'System', 'menuView', '', 0, 0, '1'),
(18, '添加菜单', 16, 'System', 'menuAdd', '', 0, 0, '1'),
(19, '修改菜单', 16, 'System', 'menuEdit', '', 0, 0, '1'),
(20, '删除菜单', 16, 'System', 'menuDelete', '', 0, 0, '1'),
(21, '菜单排序', 16, 'System', 'menuOrder', '', 0, 0, '1'),
(22, '查看日志', 15, 'System', 'logView', '', 0, 0, '1'),
(23, '删除日志', 15, 'System', 'logDelete', '', 0, 0, '1'),
(24, '查看管理员', 12, 'Admin', 'memberView', '', 0, 0, '1'),
(25, '添加管理员', 12, 'Admin', 'memberAdd', '', 0, 0, '1'),
(26, '编辑管理员', 12, 'Admin', 'memberEdit', '', 0, 0, '1'),
(27, '删除管理员', 12, 'Admin', 'memberDelete', '', 0, 0, '1'),
(28, '查看角色', 13, 'Admin', 'roleView', '', 0, 0, '1'),
(29, '添加角色', 13, 'Admin', 'roleAdd', '', 0, 0, '1'),
(30, '编辑角色', 13, 'Admin', 'roleEdit', '', 0, 0, '1'),
(31, '删除角色', 13, 'Admin', 'roleDelete', '', 0, 0, '1'),
(32, '角色排序', 13, 'Admin', 'roleOrder', '', 0, 0, '1'),
(33, '权限设置', 13, 'Admin', 'roleSet', '', 0, 0, '1'),
(34, '发布管理', 3, 'Content', 'left', '', 0, 0, '1'),
(35, '内容管理', 34, 'Content', 'index', '', 0, 0, '1'),
(36, '栏目管理', 34, 'Category', 'categoryList', '', 0, 0, '1'),
(37, '查看栏目', 36, 'Category', 'categoryView', '', 0, 0, '1'),
(38, '添加栏目', 36, 'Category', 'categoryAdd', '', 0, 0, '1'),
(39, '编辑栏目', 36, 'Category', 'categoryEdit', '', 0, 0, '1'),
(40, '删除栏目', 36, 'Category', 'categoryDelete', '', 0, 0, '1'),
(41, '栏目排序', 36, 'Category', 'categoryOrder', '', 0, 0, '1'),
(42, '用户中心', 4, 'Member', 'left', '', 0, 0, '1'),
(43, '用户列表', 42, 'Admin', 'memberList', '', 0, 0, '1'),
(44, '用户分类', 42, 'Admin', 'typeList', '', 0, 0, '1'),
(47, '数据字典', 1, 'Dictdata', 'dictList', '', 0, 0, '1'),
(48, '数据字典列表', 47, 'Dictdata', 'dictList', '', 0, 0, '1'),
(49, '试题编辑', 1, 'OptionData', 'optionModule', '', 0, 0, '1'),
(50, '试题列表', 49, 'Optiondata', 'optionList', '', 0, 0, '1'),
(53, '组卷编辑', 1, 'PaperData', 'papermodule', '', 0, 0, '1'),
(54, '组卷列表', 53, 'Paperdata', 'paperList', '', 0, 0, '1'),
(55, '学生导入', 1, 'StuImport', 'stuImportmodule', '', 0, 0, '1'),
(56, '试卷列表', 55, 'StuImport', 'paperList', '', 0, 0, '1');

-- --------------------------------------------------------

--
-- 表的结构 `app2_news`
--

CREATE TABLE `app2_news` (
  `id` mediumint(8) UNSIGNED NOT NULL,
  `catid` smallint(5) UNSIGNED NOT NULL DEFAULT '0',
  `title` varchar(80) NOT NULL DEFAULT '',
  `style` char(24) NOT NULL DEFAULT '',
  `thumb` varchar(100) NOT NULL DEFAULT '',
  `keywords` char(40) NOT NULL DEFAULT '',
  `description` mediumtext NOT NULL,
  `content` mediumtext NOT NULL,
  `url` char(100) NOT NULL,
  `listorder` tinyint(3) UNSIGNED NOT NULL DEFAULT '0',
  `status` tinyint(2) UNSIGNED NOT NULL DEFAULT '1',
  `islink` tinyint(1) UNSIGNED NOT NULL DEFAULT '0',
  `username` char(20) NOT NULL,
  `inputtime` int(10) UNSIGNED NOT NULL DEFAULT '0',
  `updatetime` int(10) UNSIGNED NOT NULL DEFAULT '0'
) ENGINE=MyISAM DEFAULT CHARSET=utf8;

-- --------------------------------------------------------

--
-- 表的结构 `app2_optiondata`
--

CREATE TABLE `app2_optiondata` (
  `question_id` int(16) NOT NULL COMMENT '自增ID',
  `course_id` varchar(8) NOT NULL COMMENT '问题所属课程',
  `type` varchar(8) NOT NULL COMMENT '问题类型',
  `keyword` varchar(8) DEFAULT NULL COMMENT '关键字',
  `title` varchar(6540) NOT NULL COMMENT '题目',
  `a` varchar(128) NOT NULL,
  `b` varchar(128) NOT NULL,
  `c` varchar(128) DEFAULT NULL,
  `d` varchar(128) DEFAULT NULL,
  `e` varchar(128) DEFAULT NULL,
  `f` varchar(128) DEFAULT NULL,
  `g` varchar(128) DEFAULT NULL,
  `h` varchar(128) DEFAULT NULL,
  `img` varchar(128) DEFAULT NULL,
  `answer` varchar(8) NOT NULL COMMENT '答案'
) ENGINE=InnoDB DEFAULT CHARSET=utf8;

--
-- 转存表中的数据 `app2_optiondata`
--

INSERT INTO `app2_optiondata` (`question_id`, `course_id`, `type`, `keyword`, `title`, `a`, `b`, `c`, `d`, `e`, `f`, `g`, `h`, `img`, `answer`) VALUES
(1000000001, '201', '101', NULL, '近几年，汽车市场环境及消费意识形态的变化不包括近几年，汽车市场环境及消费意识形态的变化不包括近几年，汽车市场环境及消费意识形态的变化不包括近几年，汽车市场环境及消费意识形态的变化不包括', '<img src="http://192.168.0.113/thinkphpcms/Uploads/day_160325/201603251614238567.png" alt="" />&nbsp;在这种情况下<br />', '公式为：<img src="Uploads/day_160325/201603251614497130.png" alt="" />', '追求高价格高油耗的高端车型', '追求长轴距及宽敞的后排乘坐空间追求长轴距及宽敞的后排乘坐空间追求长轴距及宽敞的后排乘坐空间追求长轴距及宽敞的后排乘坐空间追求长轴距及宽敞的后排乘坐空间', '', '', '', '', '', '1'),
(1000000002, '201', '101', NULL, '计算机网络的基本分类方法主要有两种：一种是根据网络所使用的传输技术；另一种是根据', '网络协议', '网络操作系统类型', '覆盖范围与规模', '网络服务器类型与规模', NULL, NULL, NULL, NULL, NULL, '2'),
(1000000003, '201', '101', NULL, '计算机网络拓扑通过网络中结点与通信线路之间的几何关系来表示', '网络层次', '协议关系', '体系结构', '网络结构', NULL, NULL, NULL, NULL, NULL, '1'),
(1000000004, '201', '101', NULL, '在TCP/IP参考模型中，传输层的主要作用是在互联网络的源主机与目的主机对等实体之间建立用于会话的', '点－点连接', '操作连接', '端－端连接', '控制连接', NULL, NULL, NULL, NULL, NULL, '4'),
(1000000005, '201', '102', NULL, '全新一代IS FSPORT运动版与普通版在车身尺寸上的区别是', '宽度增加5mm', '高度增加5mm', '长度增加5mm', '轴距缩小5毫米', '车身增加5mm', NULL, NULL, NULL, 'title:__PUBLIC__/img_option/2011020001t;', '13'),
(1000000006, '201', '103', NULL, '全新一代Lexus ES300h油电混合动力车型，采用阿特金森循环发动机、高达12.5：1的高压缩比和电水泵大大提升了车辆的燃油经济性。', '正确', '错误', '', '', '', '', '', '', '', '1'),
(2011030560, '201', '101', NULL, 'Windows 的文件夹下（ ）', '', '可以存放文件或文件夹', '只能存放文件夹', '不能存放任何东西', '', '', '', '', NULL, '2'),
(2011030561, '201', '101', NULL, '与普通邮件相比，电子邮件的特点是（ ）', '发送速度慢、费用高', '发送速度慢、费用低', '发送速度快、费用高', '发送速度快、费用低', '', '', '', '', NULL, '8'),
(2011030562, '201', '101', NULL, '计算机网络最突出的优点是（ ）', '可以互相通信、数据共享', '运算效率高', '处理速度快', '存储容量大', '', '', '', '', NULL, '1'),
(2011030563, '201', '101', NULL, '在WINDOWS 98中，文件夹名不能是（ ）', '12%+3%', '12$-3$', '12*3!', '1&amp;2=0', '', '', '', '', NULL, '4'),
(2011030564, '201', '101', NULL, '在Windows 98中,打开“资源管理器”窗口后,要改变文件或文件夹的显示方式,应选用（ ）', '“文件”菜单', '“编辑”菜单', '“查看”菜单', '“帮助”菜单', '', '', '', '', NULL, '4'),
(2011030565, '201', '101', NULL, '在Word主窗口的右上角、可以同时显示的按钮是（ ）', '最小化、还原和最大化', '还原、最大化和关闭', '最小化、还原和关闭', '还原和最大化', '', '', '', '', NULL, '4'),
(2011030566, '201', '101', NULL, 'Word的"文件"命令菜单底部显示的文件名所对应的文件是（ ）', '当前被操作的文件', '当前已经打开的所有文件', '最近被操作过的文件', '扩展名是.doc的所有文件', '', '', '', '', NULL, '4'),
(2011030567, '201', '101', NULL, '当个人计算机以拨号方式接入因特网时，必须使用的电脑设备是（ ）', '网卡', '调制解调器', '电话机', '浏览器软件', '', '', '', '', NULL, '2'),
(2011030568, '201', '101', NULL, '设Windows 98桌面上已经有某应用程序的图标，在系统默认方式下，要运行该程序，可以（&nbsp; ）', '用鼠标左键单击该图标', '用鼠标右键单击该图标', '用鼠标左键双击该图标', '用鼠标右键双击该图标', '', '', '', '', NULL, '4'),
(2011030569, '201', '101', NULL, '在只有一个软驱的计算机中，软驱的盘符通常用（&nbsp; ）。', 'A：', 'B：', 'C：', 'D：', '', '', '', '', NULL, '1'),
(2011030570, '201', '101', NULL, '微型计算机的键盘上用于输入上档字符和转换英文大小写字母输入的键是（&nbsp; ）', '&lt;Alt&gt;键', '&lt;Ctrl&gt;键', '&lt;Shift&gt;键', '&lt;Tab&gt;键', '', '', '', '', NULL, '4'),
(2011030571, '201', '101', NULL, '下列存储器中，存取速度最快的是（&nbsp; ）。', '软盘', '硬盘', '光盘', '内存', '', '', '', '', NULL, '8'),
(2011030572, '201', '101', NULL, '对计算机软件正确的认识应该是（&nbsp; ）。', '计算机软件受法律保护是多余的', '正版软件太贵，软件能复制就不必购买', '受法律保护的计算机软件不能随便复制', '正版软件只要能解密就能随意使用', '', '', '', '', NULL, '4'),
(2011030573, '201', '101', NULL, 'Word的"文件"命令菜单底部显示的文件名所对应的文件是（&nbsp; ）', '当前被操作的文件', '当前已经打开的所有文件', '最近被操作过的文件', '扩展名是.doc的所有文件', '', '', '', '', NULL, '4'),
(2011030574, '201', '101', NULL, '在Windows网络环境中，要访问其他计算机，可以打开（&nbsp; ）', '我的电脑', '控制面板', '网上邻居', '我的文档', '', '', '', '', NULL, '4'),
(2011030575, '201', '101', NULL, '电子邮件地址一般的格式是（&nbsp; ）', '用户名@域名', '域名@用户名', 'IP@域名', '域名@IP', '', '', '', '', NULL, '1'),
(2011030576, '203', '102', NULL, '下列项目不属于资产的是（&nbsp; &nbsp; ）。', '应收账款', '预收账款', '预付账款', '专利权', '', '', '', '', NULL, '2'),
(2011030577, '203', '101', NULL, '负债是指企业由于过去交易或事项形成的（&nbsp; &nbsp; ）。', '现时义务', '过去义务', '将来义务', '永久义务', '', '', '', '', NULL, '1'),
(2011030578, '203', '102', NULL, '下列项目不属于收入要素的是（&nbsp; &nbsp; ）。', '商品销售收入', '劳务收入', '租金收入', '代收款项', '', '', '', '', NULL, '4'),
(2011030579, '203', '102', NULL, '下列不属于会计核算方法的是（&nbsp; &nbsp; ）。', '成本计算', '复式记账', '编制财务预算', '财产清查', '', '', '', '', NULL, '3'),
(2011030580, '203', '102', NULL, '账户是根据（&nbsp; &nbsp; ）分别设置的。', '经济业务', '会计对象', '会计要素', '会计科目', '', '', '', '', NULL, '4'),
(2011030581, '203', '102', NULL, '下列记账错误能够通过试算平衡查找的是（&nbsp; &nbsp; ）。', '应记甲账户的借方金额，记人乙账户的借方', '漏记经济业务，使借贷双方的发生额等额少记', '借贷方向完全记反', '记入借方的金额与记人贷方的金额不等', '', '', '', '', NULL, '4'),
(2011030582, '203', '102', NULL, '在借贷记账法下，“借”表示（&nbsp; &nbsp; ）。', '资产的减少', '费用的增加', '负债的增加', '收入的增加', '', '', '', '', NULL, '2'),
(2011030583, '203', '101', NULL, '下列不属于记账凭证审核内容的是（&nbsp; &nbsp; ）。', '是否符合有关的计划和预算', '会计科目使用是否正确', '凭证的金额与所附原始凭证的金额是否一致', '凭证的内容与所附原始凭证的内容是否一致', '', '', '', '', NULL, '1'),
(2011030584, '203', '101', NULL, '应计入产品成本的工资费用是（&nbsp; &nbsp; ）。', '车间管理人员的工资', '企业管理人员的工资', '在建工程人员的工资', '专设销售机构人员的工资', '', '', '', '', NULL, '1'),
(2011030585, '203', '101', NULL, '会计账簿按（&nbsp; &nbsp; ）分为序时账、分类账和备查账。', '用途', '性质', '格式', '外表形式', '', '', '', '', NULL, '1'),
(2011030586, '203', '102', NULL, '各种账务处理程序的主要区别在于（&nbsp; &nbsp; ）。', '总账的格式不同', '登记总账的依据和方法不同', '会计凭证的种类不同', '编制会计报表的依据不同', '', '', '', '', NULL, '2'),
(2011030587, '203', '102', NULL, '会计档案的保管期限应当从（&nbsp; &nbsp; ）。', '会计档案形成之日', '会计档案归档之日', '会计档案所属会计年度终了之日', '会计档案所属会计年度终了后的第一天', '', '', '', '', NULL, '4'),
(2011030588, '203', '102', NULL, '假设某第6笔转账业务需填制三张记账凭证，则第二张记账凭证的正确编号是（&nbsp; &nbsp; ）。', '转（字）6—3—2号', '转（字）6—2—3号', '转（字）6号', '转（字）6-2号', '', '', '', '', NULL, '3'),
(2011030589, '203', '102', NULL, '某企业2007年度利润总额为8万元，年末结账后资产总额22万元，负债总额8万元，资本公积2万元，盈余公积1万元，未分配利润1万元，则实收资本为（&nbsp; &nbsp; ）万元。', '8', '10', '12', '42', '', '', '', '', NULL, '2'),
(2011030590, '203', '102', NULL, '某企业“应收账款”账户所属甲、乙、丙明细账户的期末余额分别为：借方余额500元、贷方余额1200元、借方余额4000元。按照平行登记原则，“应收账款”总账账户期末余额应为（&nbsp; &nbsp; ）元。', '借方5700', '借方4500', '借方3300', '借方1200', '', '', '', '', NULL, '3'),
(2011030591, '203', '102', NULL, '记账凭证填制完毕后，如有空行应（&nbsp; &nbsp; ）。', '空置不填', '划线注销', '盖章注销', '签字注销', '', '', '', '', NULL, '2'),
(2011030592, '203', '102', NULL, '企业常用的收款凭证、付款凭证和转账凭证均属于（&nbsp; &nbsp; ）。', '单式记账凭证', '复式记账凭证', '一次凭证', '通用凭证', '', '', '', '', NULL, '2'),
(2011030593, '203', '102', NULL, '“利润表”中“本期数”栏各项目数字是根据损益类账户的（&nbsp; &nbsp; ）填列的。', '期初余额', '期末余额', '本期发生额合计数', '累计发生额合计数', '', '', '', '', NULL, '3'),
(2011030594, '203', '101', NULL, '企业下列哪项会计档案的保管期限为25年?（&nbsp; &nbsp; ）', '现金、银行存款日记账', '月、季、年度财务报告', '总账、明细账、记账凭证', '银行存款余额调节表', '', '', '', '', NULL, '1'),
(2011030595, '203', '102', NULL, '企事业单位的固定资产卡片的保管期限为（&nbsp; &nbsp; ）。', '固定资产报废清理的当月', '固定资产报废清理的当年', '固定资产报废清理后的3年', '固定资产报废清理后的5年', '', '', '', '', NULL, '4'),
(2011030596, '203', '102', NULL, '根据以下资料完成第31—40题：<BR>西机公司2月末有关资料如下：<BR>“原材料”总账借方余额45000元，其所属明细账的余额如下：<BR>甲材料：300千克单价60元计18000元<BR>乙材料：200千克单价90元计18000元<BR>丙材料：200千克单价45元计9000元<BR>“应付账款”总账贷方余额38000元，其所属明细账的贷方余额如下：东方公司22000元；先锋公司16000元。<BR>“银行存款”总账和“银行存款日记账”余额均为150000元。<BR>西机公司3月份发生下列经济业务：<BR>（1）3月3日，从东方公司购入甲材料500千克，单价60元，计30000元；乙材料300千克，单价90元，计27000元。材料已验收入库，货款尚未支付。<BR>（2）3月8日，车间生产A产品领用甲材料700千克，单价60元，计42000元；乙材料300千克，单价90元，计27000元。<BR>（3）3月15日，从先锋公司购入甲材料300千克，单价60元，计18000元；乙材料400千克，单价90元，计36000元。材料已验收入库，货款尚未支付。<BR>（4）3月26日，以银行存款偿付前欠东方公司货款50000元和先锋公司货款46000元。<BR>西机公司的会计人员，已经完成了设账、登记期初余额、填制记账凭证、过账、结账以及总账与明细账的核对工作。<BR>西机公司3月份设置和登记的总账、明细账、序时账分别是（）本。', '3、5、1', '3、6、1', '4、5、1', '4、6、1', '', '', '', '', NULL, '4'),
(2011030597, '203', '102', NULL, '西机公司“银行存款”总账3月末余额为（&nbsp; &nbsp; ）元。', '246000', '150000', '96000', '54000', '', '', '', '', NULL, '4'),
(2011030598, '203', '102', NULL, '西机公司“原材料”总账3月末余额为（&nbsp; &nbsp; ）元。', '111000', '87000', '69000', '3000', '', '', '', '', NULL, '2'),
(2011030599, '203', '102', NULL, '西机公司“原材料——甲材料”明细账3月末余额为（&nbsp; &nbsp; ）元。', '56000', '48000', '42000', '24000', '', '', '', '', NULL, '4'),
(2011030600, '203', '102', NULL, '西机公司“原材料——甲材料”明细账3月末结存的材料数量为（&nbsp; &nbsp; ）千克。', '800', '700', '400', '200', '', '', '', '', NULL, '3'),
(2011030601, '203', '102', NULL, '西机公司“原材料——乙材料”明细账3月末余额为（&nbsp; &nbsp; ）元。', '8100', '63000', '54000', '15000', '', '', '', '', NULL, '3'),
(2011030602, '203', '102', NULL, '西机公司“应付账款”总账3月份末余额为（&nbsp; &nbsp; ）元。', '270000', '111000', '53000', '23000', '', '', '', '', NULL, '3'),
(2011030603, '203', '102', NULL, '西机公司“应付账款”总账3月贷方发生额为（&nbsp; &nbsp; ）元。', '270000', '111000', '53000', '23000', '', '', '', '', NULL, '2'),
(2011030604, '203', '102', NULL, '西机公司“应付账款——先锋公司”明细账3月末余额为（&nbsp; &nbsp; ）元。', '150000', '54000', '46000', '24000', '', '', '', '', NULL, '4'),
(2011030605, '203', '102', NULL, '西机公司“银行存款日记账”3月末余额为（&nbsp; &nbsp; ）元。', '300000', '246000', '108000', '54000', '', '', '', '', NULL, '4'),
(2011030606, '203', '102', NULL, '企业财务部门于3月12日收到业务部门转来3月8日填制的原始凭证，并于3月13日编制记账凭证，3月14日将此记账凭证登记人账，则账簿中的“日期”栏填写不正确的有（&nbsp; &nbsp; ）。', '3月8日', '3月12日', '3月13日', '3月14日', '', '', '', '', NULL, '1'),
(2011030607, '203', '102', NULL, '企业的期间费用有（&nbsp; &nbsp; ）。', '制造费用', '管理费用', '销售费用', '财务费用', '', '', '', '', NULL, '2'),
(2011030608, '203', '102', NULL, '下列属于损益类账户的有（&nbsp; &nbsp; ）。', '坏账准备、累计折旧', '制造费用、本年利润', '主营业务成本、营业外收入', '财务费用、投资收益', '', '', '', '', NULL, '3'),
(2011030609, '203', '102', NULL, '结账时，正确的做法有（&nbsp; &nbsp; ）。', '结出当月发生额的，在“本月合计”下面通栏划单红线', '结出本年累计发生额的，在“本年累计”下面通栏划单红线', '12月末，结出全年累计发生额的，在下面通栏划单红线', '12月末，结出全年累计发生额的，在下面通栏划双红线', '', '', '', '', NULL, '1'),
(2011030610, '203', '102', NULL, '单位因撤销、解散、破产或者其他原因而终止的，在办理注销登记手续之前形成的会计档案，可由（&nbsp; &nbsp; ）。', '终止单位的业务主管部门保管', '财产所有者代管', '原被撤销、解散、破产单位代管', '移交的有关档案馆代管', '', '', '', '', NULL, '1'),
(2011030611, '203', '102', NULL, '甲企业用银行存款100万元向乙企业进行长期股权投资，下列表述正确的有（&nbsp; &nbsp; ）。', '乙企业资产增加，所有者权益增加', '甲企业一项资产减少，另一项资产增加', '甲企业所有者权益增加，资产减少', '乙企业一项资产增加，另一项资产减少', '', '', '', '', NULL, '1'),
(2011030612, '203', '102', NULL, '下列关于借贷记账法表述正确的有（&nbsp; &nbsp; ）。', '采用“借”、“贷”作为记账符号', '以“资产=负债+所有者权益”作为理论依据', '记账规则是“有借必有贷，借贷必相等”', '是我国企业会计核算的法定记账方法', '', '', '', '', NULL, '1'),
(2011030613, '203', '102', NULL, '下列表述正确的是（&nbsp; &nbsp; ）。', '总分类账户对明细分类账户具有统驭控制作用', '明细分类账户对总分类账户具有补充说明作用', '总分类账户期末余额与其所属明细分类账户的期末余额之和相等', '总分类账户与明细分类账户提供的指标不同', '', '', '', '', NULL, '1'),
(2011030614, '203', '102', NULL, '利润表是企业的（&nbsp; &nbsp; ）。', '主要会计报表', '经营成果报表', '动态报表', '静态报表', '', '', '', '', NULL, '1'),
(2011030615, '203', '102', NULL, '构成会计分录的要素有（&nbsp; &nbsp; ）。', '会计科目', '记账方向', '记账金额', '经济业务内容摘要', '', '', '', '', NULL, '1'),
(2011030616, '203', '102', NULL, '关于债权债务结算账户的结构，下列表述正确的有（&nbsp; &nbsp; ）。', '借方登记本期债权的增加数和债务的减少数', '贷方登记本期债权的减少数和债务的增加数', '期末余额如在借方，表示期末债权大于债务的差额', '期末余额如在贷方，表示期末债务大于债权的差额', '', '', '', '', NULL, '1'),
(2011030617, '203', '102', NULL, '现金日记账和银行存款日记账的登记要求主要有（&nbsp; &nbsp; ）。', '由出纳人员负责登记', '以审核无误的收、付款凭证为依据', '应逐日逐笔序时登记', '必须逐日结出收入合计和支出合计', '', '', '', '', NULL, '1'),
(2011030618, '203', '102', NULL, '关于“会计分期”的表述，正确的有（&nbsp; &nbsp; ）。', '会计分期是对会计主体活动时间范围的界定', '会计期间分为年度、半年度、季度和月度', '会计年度、半年度、季度和月度均按公历起讫日期确定', '会计分期是指将一个会计主体持续经营的生产经营活动划分成若干相等的会计期间', '', '', '', '', NULL, '1'),
(2011030619, '203', '102', NULL, '所有者权益的来源包括（&nbsp; &nbsp; ）。', '所有者投入的资本', '直接计入所有者权益的利得', '直接计入所有者权益的损失', '留存收益', '', '', '', '', NULL, '1'),
(2011030620, '203', '102', NULL, '产品制造成本包括（&nbsp; &nbsp; ）。', '直接材料', '直接人工', '管理费用', '制造费用', '', '', '', '', NULL, '1'),
(2011030621, '203', '102', NULL, '试算平衡的公式有（&nbsp; &nbsp; ）。', '全部账户本期借方发生额合计=全部账户本期贷方发生额合计', '全部资产账户本期借方发生额合计一全部负债账户本期贷方发生额合计', '全部账户期初借方余额合计=全部账户期初贷方余额合计', '全部账户期末借方余额合计一全部账户期末贷方余额合计', '', '', '', '', NULL, '1'),
(2011030622, '203', '102', NULL, '在填制记账凭证时，正确的做法有（&nbsp; &nbsp; ）。', '将不同类型业务的原始凭证合并填制一张记账凭证', '记账凭证连续编号', '转账凭证的“会计科目”栏按照先借后贷的顺序填写', '更正错账的记账凭证可以不附原始凭证', '', '', '', '', NULL, '2'),
(2011030623, '203', '102', NULL, '企事业单位销毁会计档案时，应当由（&nbsp; &nbsp; ）派员监销。', '财政部门', '审计部门', '会计机构', '档案机构', '', '', '', '', NULL, '3'),
(2011030624, '203', '103', NULL, '会计记录所使用的文字只能是中文，不允许使用民族文字或外国文字。（&nbsp; &nbsp; ）', '正确', '错误', '', '', '', '', '', '', NULL, '2'),
(2011030625, '203', '103', NULL, '保管期满但未结清债权、债务的原始凭证不得销毁，应单独抽出，另行立卷，由档案部门保管到未了事项完结时为止。（&nbsp; &nbsp; ）', '正确', '错误', '', '', '', '', '', '', NULL, '1'),
(2011030626, '203', '103', NULL, '资产负债表是反映企业一定报告期间财务状况的报表。（&nbsp; &nbsp; ）', '正确', '错误', '', '', '', '', '', '', NULL, '2'),
(2011030627, '203', '103', NULL, '红字更正法是在错误的文字或数字上划一红线注销，然后在其上端用蓝字填写正确的文字或数字，并由记账人员盖章，以明确责任。（&nbsp; &nbsp; ）', '正确', '错误', '', '', '', '', '', '', NULL, '2'),
(2011030628, '203', '103', NULL, '我国会计制度规定采用报告式资产负债表。（&nbsp; &nbsp; ）', '正确', '错误', '', '', '', '', '', '', NULL, '2'),
(2011030629, '203', '103', NULL, '从外单位取得的原始凭证，可以没有公章，但必须有经办人员的签名盖章。（&nbsp; &nbsp; ）', '正确', '错误', '', '', '', '', '', '', NULL, '2'),
(2011030630, '203', '103', NULL, '企业的利润和损失应直接计入所有者权益。（&nbsp; &nbsp; ）', '正确', '错误', '', '', '', '', '', '', NULL, '2'),
(2011030631, '203', '103', NULL, '平行登记法要求总账与明细账登记的“期间相同”，是指经济业务发生后，要在登记总账的同一天登记相关的明细账。（&nbsp; &nbsp; ）', '正确', '错误', '', '', '', '', '', '', NULL, '2'),
(2011030632, '203', '103', NULL, '科目汇总表可以反映账户之间的对应关系，但不能起到试算平衡的作用。（&nbsp; &nbsp; ）', '正确', '错误', '', '', '', '', '', '', NULL, '2'),
(2011030633, '203', '103', NULL, '资产负债表、利润表和所有者权益变动表是月度报表。（&nbsp; &nbsp; ）', '正确', '错误', '', '', '', '', '', '', NULL, '2'),
(2011030634, '203', '103', NULL, '单式记账就是对每一项经济业务，都以相等的金额同时在总账及其所属明细账中进行登记的一种记账方法。（&nbsp; &nbsp; ）', '正确', '错误', '', '', '', '', '', '', NULL, '2'),
(2011030635, '203', '103', NULL, '合计档案的整理、装订应由本单位的档案机构负责办理。（&nbsp; &nbsp; ）', '正确', '错误', '', '', '', '', '', '', NULL, '2'),
(2011030636, '203', '103', NULL, '预期的现金来源、金额、时间和不确定性等与企业的获利能力密切相关。（&nbsp; &nbsp; ）', '正确', '错误', '', '', '', '', '', '', NULL, '1'),
(2011030637, '203', '103', NULL, '在结账前发现账簿记录有文字或数字错误，而记账凭证没有错误，采用红字更正法。（&nbsp; &nbsp; ）', '正确', '错误', '', '', '', '', '', '', NULL, '2'),
(2011030638, '203', '103', NULL, '对于各种贵重物资，企业应每月进行盘点。（&nbsp; &nbsp; ）', '正确', '错误', '', '', '', '', '', '', NULL, '1'),
(2011030639, '203', '103', NULL, '支票的提示付款期限为10天。（&nbsp; &nbsp; ）', '正确', '错误', '', '', '', '', '', '', NULL, '1'),
(2011030640, '203', '103', NULL, '托收承付结算每笔业务的金额起点为1000元。（&nbsp; &nbsp; ）', '正确', '错误', '', '', '', '', '', '', NULL, '2'),
(2011030641, '203', '103', NULL, '银行存款日记账就是对银行存款的序时核算。（&nbsp; &nbsp; ）', '正确', '错误', '', '', '', '', '', '', NULL, '1'),
(2011030642, '203', '103', NULL, '永续盘存制的优点是简化存货的日常核算工作，但加大了期末的工作量。（&nbsp; &nbsp; ）', '正确', '错误', '', '', '', '', '', '', NULL, '2'),
(2011030643, '203', '103', NULL, '正常报废的固定资产已提足折旧，其账面价值应为预计净残值。（&nbsp; &nbsp; ）', '正确', '错误', '', '', '', '', '', '', NULL, '1'),
(2011030644, '203', '103', NULL, '为职工无偿提供医疗保健服务属于职工薪酬中的“非货币福利”。（&nbsp; &nbsp; ）', '正确', '错误', '', '', '', '', '', '', NULL, '1'),
(2011030645, '203', '103', NULL, '固定资产处置时要通过“固定资产清理”科目核算。（&nbsp; &nbsp; ）', '正确', '错误', '', '', '', '', '', '', NULL, '1'),
(2011030646, '203', '103', NULL, '应付租入包装物租金和存入保证金都通过“其他应付款”核算。（&nbsp; &nbsp; ）', '正确', '错误', '', '', '', '', '', '', NULL, '1'),
(2011030647, '203', '103', NULL, '由于现金折扣在销售发生时即已发生，企业只需按扣除现金折扣后的净额确认销售收入和应收账款。（&nbsp; &nbsp; ）', '正确', '错误', '', '', '', '', '', '', NULL, '2'),
(2011030648, '203', '103', NULL, '目前，我国的政府与非营利组织包括事业单位在内都采用权责发生制。（&nbsp; &nbsp; ）', '正确', '错误', '', '', '', '', '', '', NULL, '2'),
(2011030649, '203', '103', NULL, '总分类账户是根据总分类科目设置的，用于对会计要素具体内容进行总括分类。（&nbsp; &nbsp; ）', '正确', '错误', '', '', '', '', '', '', NULL, '1'),
(2011030650, '203', '103', NULL, '记入总分类账户的金额与记入其所属的几个明细分类账户的金额之和应该相等。（&nbsp; &nbsp; ）', '正确', '错误', '', '', '', '', '', '', NULL, '1'),
(2011030651, '203', '103', NULL, '会计凭证，是记录经济业务、明确经济责任的书面证明，是登记账簿的依据。（&nbsp; &nbsp; ）', '正确', '错误', '', '', '', '', '', '', NULL, '1'),
(2011030652, '203', '103', NULL, '原始凭证在任何情况下都应附在记账凭证的后面。（&nbsp; &nbsp; ）', '正确', '错误', '', '', '', '', '', '', NULL, '2'),
(2011030653, '203', '103', NULL, '在不设借贷栏的多栏式账页中，登记减少数可以用红色墨水记账。（&nbsp; &nbsp; ）', '正确', '错误', '', '', '', '', '', '', NULL, '1');

-- --------------------------------------------------------

--
-- 表的结构 `app2_page`
--

CREATE TABLE `app2_page` (
  `catid` smallint(5) UNSIGNED NOT NULL DEFAULT '0',
  `title` varchar(160) NOT NULL,
  `keywords` varchar(40) NOT NULL,
  `content` text NOT NULL,
  `updatetime` int(10) UNSIGNED NOT NULL DEFAULT '0'
) ENGINE=MyISAM DEFAULT CHARSET=utf8;

-- --------------------------------------------------------

--
-- 表的结构 `app2_paper_content`
--

CREATE TABLE `app2_paper_content` (
  `paper_id` int(16) NOT NULL COMMENT '试卷唯一ID自增',
  `paper_name` varchar(64) NOT NULL COMMENT '试卷名称',
  `course_id` varchar(8) NOT NULL COMMENT '所属课程ID',
  `total_grade` varchar(8) NOT NULL COMMENT '试卷总分',
  `question_num` varchar(8) NOT NULL COMMENT '试卷题目数量',
  `test_time` time NOT NULL COMMENT '该试卷的考试时间',
  `deadline` datetime NOT NULL COMMENT '提交截止日期',
  `content` text NOT NULL COMMENT '试卷'
) ENGINE=InnoDB DEFAULT CHARSET=utf8;

--
-- 转存表中的数据 `app2_paper_content`
--

INSERT INTO `app2_paper_content` (`paper_id`, `paper_name`, `course_id`, `total_grade`, `question_num`, `test_time`, `deadline`, `content`) VALUES
(2000000001, '西南科技大学2014级高等数学B期末考试试卷（一）', '201', '100', '20', '01:30:00', '2015-11-30 00:00:00', '["1000000004","1000000002","1000000001","1000000003","2011030561","2011030562","2011030564","2011030565","2011030566","2011030567","2011030568","2011030569","2011030570","2011030571","2011030572","2011030573","2011030574","2011030560","2011030563","2011030575"]'),
(2000000002, '西南科技大学2015级概率论考试试题', '201', '100', '3', '00:00:15', '2015-05-01 00:00:00', '["1000000001","1000000002","1000000004"]'),
(2000000003, '西南科技大学大学物理考试试卷', '202', '100', '4', '01:30:00', '2015-11-30 00:00:00', '');

-- --------------------------------------------------------

--
-- 表的结构 `app2_paper_grade`
--

CREATE TABLE `app2_paper_grade` (
  `test_type_id` int(16) NOT NULL COMMENT '唯一ID自增',
  `paper_id` varchar(16) NOT NULL COMMENT '试卷号',
  `question_type` int(4) NOT NULL COMMENT '所属问题类型ID',
  `grade` int(4) NOT NULL COMMENT '该类问题分数'
) ENGINE=InnoDB DEFAULT CHARSET=utf8;

--
-- 转存表中的数据 `app2_paper_grade`
--

INSERT INTO `app2_paper_grade` (`test_type_id`, `paper_id`, `question_type`, `grade`) VALUES
(1, '2000000001', 101, 2);

-- --------------------------------------------------------

--
-- 表的结构 `app2_setting`
--

CREATE TABLE `app2_setting` (
  `key` varchar(50) NOT NULL,
  `value` varchar(5000) DEFAULT ''
) ENGINE=MyISAM DEFAULT CHARSET=utf8;

-- --------------------------------------------------------

--
-- 表的结构 `app2_student_auth`
--

CREATE TABLE `app2_student_auth` (
  `student_id` varchar(32) NOT NULL COMMENT '验证登陆唯一标示符',
  `student_password` varchar(32) NOT NULL COMMENT '密码',
  `login_status` tinyint(1) NOT NULL COMMENT '登陆状态',
  `student_auth` int(4) NOT NULL DEFAULT '0' COMMENT '权限',
  `reg_time` datetime NOT NULL
) ENGINE=InnoDB DEFAULT CHARSET=utf8 COMMENT='学生登陆信息表';

--
-- 转存表中的数据 `app2_student_auth`
--

INSERT INTO `app2_student_auth` (`student_id`, `student_password`, `login_status`, `student_auth`, `reg_time`) VALUES
('123', '123', 0, 0, '0000-00-00 00:00:00');

-- --------------------------------------------------------

--
-- 表的结构 `app2_student_info`
--

CREATE TABLE `app2_student_info` (
  `student_id` varchar(32) NOT NULL COMMENT '学生登陆ID',
  `student_name` varchar(16) NOT NULL,
  `student_course` varchar(32) NOT NULL COMMENT '学生在进行的课程',
  `belong_teacher` varchar(32) NOT NULL COMMENT '学生的老师',
  `finish_paper` varchar(32) DEFAULT NULL COMMENT '所完成的试卷号'
) ENGINE=InnoDB DEFAULT CHARSET=utf8;

--
-- 转存表中的数据 `app2_student_info`
--

INSERT INTO `app2_student_info` (`student_id`, `student_name`, `student_course`, `belong_teacher`, `finish_paper`) VALUES
('123', '明', '{"1":"201"}', '112;113', '201001');

-- --------------------------------------------------------

--
-- 表的结构 `app2_student_test`
--

CREATE TABLE `app2_student_test` (
  `id` int(16) NOT NULL COMMENT '主键自增',
  `student_id` varchar(32) NOT NULL COMMENT '学生登陆ID',
  `student_name` varchar(16) NOT NULL,
  `student_course` varchar(32) NOT NULL COMMENT '学生在进行的课程',
  `finish_paper` varchar(32) DEFAULT NULL COMMENT '所完成的试卷号',
  `status` int(11) NOT NULL
) ENGINE=InnoDB DEFAULT CHARSET=utf8 COMMENT='学生考试试卷对照表';

--
-- 转存表中的数据 `app2_student_test`
--

INSERT INTO `app2_student_test` (`id`, `student_id`, `student_name`, `student_course`, `finish_paper`, `status`) VALUES
(187, '123', 'adf', '201', '2000000001', 0),
(188, '123', 'qwe', '201', '2000000002', 0),
(189, '123', 'adf', '201', '2000000003', 0),
(190, '1004', 'ert', '201', '202204', 0),
(191, '1005', 'adf', '201', '202204', 0),
(192, '1006', 'adf', '201', '202204', 0);

-- --------------------------------------------------------

--
-- 表的结构 `app2_submit_exam`
--

CREATE TABLE `app2_submit_exam` (
  `submit_id` bigint(32) UNSIGNED NOT NULL,
  `test_id` int(11) NOT NULL,
  `num` varchar(16) NOT NULL COMMENT '在试卷中的顺序',
  `paper_id` varchar(32) NOT NULL COMMENT '所完成的试卷ID',
  `course_id` varchar(16) NOT NULL COMMENT '所属课程的ID',
  `student_id` varchar(32) NOT NULL COMMENT '提交该测试的学生ID',
  `question_id` varchar(16) NOT NULL COMMENT '题目ID',
  `type` varchar(8) NOT NULL COMMENT '问题类型',
  `answer` varchar(8) NOT NULL COMMENT '提交的答案'
) ENGINE=InnoDB DEFAULT CHARSET=utf8;

--
-- 转存表中的数据 `app2_submit_exam`
--

INSERT INTO `app2_submit_exam` (`submit_id`, `test_id`, `num`, `paper_id`, `course_id`, `student_id`, `question_id`, `type`, `answer`) VALUES
(1, 1, '1', '2000000001', '201', '123', '1000000004', '101', '1'),
(2, 1, '2', '2000000001', '201', '123', '1000000002', '101', '4'),
(3, 1, '3', '2000000001', '201', '123', '1000000001', '101', '2'),
(4, 1, '4', '2000000001', '201', '123', '1000000003', '101', '4'),
(5, 3, '1', '2000000001', '201', '123', '1000000004', '101', '2'),
(6, 3, '2', '2000000001', '201', '123', '1000000002', '101', '2'),
(7, 3, '3', '2000000001', '201', '123', '1000000001', '101', '4'),
(8, 3, '4', '2000000001', '201', '123', '1000000003', '101', '8'),
(9, 4, '1', '2000000001', '201', '123', '1000000004', '101', '2'),
(10, 4, '2', '2000000001', '201', '123', '1000000002', '101', '4'),
(11, 4, '3', '2000000001', '201', '123', '1000000001', '101', '8'),
(12, 4, '4', '2000000001', '201', '123', '1000000003', '101', '8'),
(13, 5, '1', '2000000001', '201', '123', '1000000004', '101', '4'),
(14, 5, '2', '2000000001', '201', '123', '1000000002', '101', '8'),
(15, 5, '3', '2000000001', '201', '123', '1000000001', '101', '1'),
(16, 5, '4', '2000000001', '201', '123', '1000000003', '101', '4'),
(17, 6, '1', '2000000001', '201', '123', '1000000004', '101', '1'),
(18, 6, '2', '2000000001', '201', '123', '1000000002', '101', '4'),
(19, 6, '3', '2000000001', '201', '123', '1000000001', '101', '8'),
(20, 6, '4', '2000000001', '201', '123', '1000000003', '101', '8'),
(21, 7, '1', '2000000001', '201', '123', '1000000004', '101', '0'),
(22, 9, '1', '2000000001', '201', '123', '1000000004', '101', '0'),
(23, 10, '1', '2000000001', '201', '123', '1000000004', '101', '4'),
(24, 11, '1', '2000000001', '201', '123', '1000000004', '101', '4'),
(25, 11, '2', '2000000001', '201', '123', '1000000002', '101', '4'),
(26, 11, '3', '2000000001', '201', '123', '1000000001', '101', '1'),
(27, 11, '4', '2000000001', '201', '123', '1000000003', '101', '8'),
(28, 12, '4', '2000000001', '201', '123', '1000000003', '101', '0'),
(29, 13, '1', '2000000001', '201', '123', '1000000004', '101', '4'),
(30, 14, '1', '2000000001', '201', '123', '1000000004', '101', '4'),
(31, 14, '2', '2000000001', '201', '123', '1000000002', '101', '4'),
(32, 14, '3', '2000000001', '201', '123', '1000000001', '101', '8'),
(33, 14, '4', '2000000001', '201', '123', '1000000003', '101', '4'),
(34, 15, '1', '2000000002', '201', '123', '1000000001', '101', '0'),
(35, 19, '1', '2000000001', '201', '123', '1000000004', '101', '0'),
(36, 20, '1', '2000000001', '201', '123', '1000000004', '101', '4'),
(37, 20, '2', '2000000001', '201', '123', '1000000002', '101', '8'),
(38, 18, '1', '2000000001', '201', '123', '1000000004', '101', '0'),
(39, 23, '16', '2000000001', '201', '123', '2011030573', '101', '0'),
(40, 24, '1', '2000000001', '201', '123', '1000000004', '101', '2'),
(41, 24, '2', '2000000001', '201', '123', '1000000002', '101', '4'),
(42, 24, '3', '2000000001', '201', '123', '1000000001', '101', '2'),
(43, 24, '4', '2000000001', '201', '123', '1000000003', '101', '4'),
(44, 24, '5', '2000000001', '201', '123', '2011030561', '101', '8'),
(45, 24, '6', '2000000001', '201', '123', '2011030562', '101', '4'),
(46, 24, '7', '2000000001', '201', '123', '2011030564', '101', '8'),
(47, 24, '8', '2000000001', '201', '123', '2011030565', '101', '2'),
(48, 24, '9', '2000000001', '201', '123', '2011030566', '101', '4'),
(49, 24, '10', '2000000001', '201', '123', '2011030567', '101', '8'),
(50, 24, '11', '2000000001', '201', '123', '2011030568', '101', '8'),
(51, 24, '12', '2000000001', '201', '123', '2011030569', '101', '2'),
(52, 24, '13', '2000000001', '201', '123', '2011030570', '101', '4'),
(53, 24, '14', '2000000001', '201', '123', '2011030571', '101', '2'),
(54, 24, '15', '2000000001', '201', '123', '2011030572', '101', '4'),
(55, 24, '16', '2000000001', '201', '123', '2011030573', '101', '4'),
(56, 24, '17', '2000000001', '201', '123', '2011030574', '101', '2'),
(57, 24, '18', '2000000001', '201', '123', '2011030560', '101', '8'),
(58, 24, '19', '2000000001', '201', '123', '2011030563', '101', '2'),
(59, 24, '20', '2000000001', '201', '123', '2011030575', '101', '4'),
(60, 28, '1', '2000000001', '201', '123', '1000000004', '101', '1'),
(61, 28, '2', '2000000001', '201', '123', '1000000002', '101', '8'),
(62, 28, '3', '2000000001', '201', '123', '1000000001', '101', '2'),
(63, 28, '4', '2000000001', '201', '123', '1000000003', '101', '8'),
(64, 29, '1', '2000000001', '201', '123', '1000000004', '101', '2'),
(65, 29, '2', '2000000001', '201', '123', '1000000002', '101', '8'),
(66, 29, '3', '2000000001', '201', '123', '1000000001', '101', '4'),
(67, 29, '4', '2000000001', '201', '123', '1000000003', '101', '8'),
(68, 29, '5', '2000000001', '201', '123', '2011030561', '101', '4'),
(69, 29, '6', '2000000001', '201', '123', '2011030562', '101', '4'),
(70, 29, '7', '2000000001', '201', '123', '2011030564', '101', '4'),
(71, 29, '8', '2000000001', '201', '123', '2011030565', '101', '8'),
(72, 29, '9', '2000000001', '201', '123', '2011030566', '101', '2'),
(73, 29, '20', '2000000001', '201', '123', '2011030575', '101', '4');

-- --------------------------------------------------------

--
-- 表的结构 `app2_submit_summary`
--

CREATE TABLE `app2_submit_summary` (
  `test_id` bigint(32) NOT NULL COMMENT '自增ID',
  `paper_id` varchar(16) NOT NULL COMMENT '试卷ID',
  `student_id` varchar(32) NOT NULL COMMENT '学生ID',
  `course_id` varchar(8) NOT NULL COMMENT '课程ID',
  `grade` varchar(8) NOT NULL COMMENT '得分',
  `question_correct` text NOT NULL COMMENT '正确的题目',
  `question_wrong` text NOT NULL COMMENT '错误的题目',
  `start_time` datetime NOT NULL,
  `submit_time` datetime NOT NULL COMMENT '提交时间'
) ENGINE=InnoDB DEFAULT CHARSET=utf8;

--
-- 转存表中的数据 `app2_submit_summary`
--

INSERT INTO `app2_submit_summary` (`test_id`, `paper_id`, `student_id`, `course_id`, `grade`, `question_correct`, `question_wrong`, `start_time`, `submit_time`) VALUES
(1, '2000000001', '123', '200', '0', '[]', '{"1000000004":"1","1000000002":"4","1000000001":"2","1000000003":"4"}', '2016-02-26 02:03:44', '0000-00-00 00:00:00'),
(3, '2000000001', '123', '200', '2', '{"1000000002":"2"}', '{"1000000004":"2","1000000002":"4","1000000001":"4","1000000003":"8"}', '2016-02-26 10:06:17', '2016-02-26 10:06:28'),
(4, '2000000001', '123', '200', '2', '{"1000000002":"2"}', '{"1000000004":"2","1000000002":"4","1000000001":"2","1000000003":"8"}', '2016-02-26 10:15:17', '2016-02-26 10:15:26'),
(5, '2000000001', '123', '200', '6', '{"1000000004":"4","1000000002":"2","1000000001":"1"}', '{"1000000004":"2","1000000002":"4","1000000001":"2","1000000003":"4"}', '2016-02-26 10:25:04', '2016-02-26 11:23:00'),
(6, '2000000001', '123', '200', '6', '{"1000000004":"4","1000000002":"2","1000000001":"1"}', '{"1000000004":"2","1000000002":"8","1000000001":"2","1000000003":"8"}', '2016-02-26 04:33:31', '2016-02-26 03:33:50'),
(7, '2000000001', '123', '200', '6', '{"1000000004":"4","1000000002":"2","1000000001":"1"}', '{"1000000004":"2","1000000002":"4","1000000001":"4","1000000003":"4"}', '2016-02-26 05:02:01', '2016-02-26 05:27:29'),
(8, '', '', '', '', '', '', '2016-02-26 17:27:43', '0000-00-00 00:00:00'),
(9, '2000000001', '123', '200', '6', '{"1000000004":"4","1000000002":"2","1000000001":"1"}', '{"1000000004":"2","1000000002":"8","1000000001":"8","1000000003":"8"}', '2016-03-08 19:40:11', '2016-03-08 19:47:58'),
(10, '2000000001', '123', '200', '6', '{"1000000004":"4","1000000002":"2","1000000001":"1"}', '{"1000000004":"2","1000000002":"4","1000000001":"4","1000000003":"8"}', '2016-03-08 19:49:27', '2016-03-10 14:14:30'),
(11, '2000000001', '123', '200', '6', '{"1000000004":"4","1000000002":"2","1000000001":"1"}', '{"1000000004":"2","1000000002":"4","1000000001":"4","1000000003":"8"}', '2016-03-10 14:18:16', '2016-03-10 14:18:45'),
(12, '2000000001', '123', '200', '6', '{"1000000004":"4","1000000002":"2","1000000001":"1"}', '{"1000000004":"2","1000000002":"4","1000000001":"4","1000000003":"0"}', '2016-03-12 10:16:47', '2016-03-12 10:17:08'),
(13, '2000000001', '123', '200', '6', '{"1000000004":"4","1000000002":"2","1000000001":"1"}', '{"1000000004":"2","1000000002":"8","1000000001":"8","1000000003":"8"}', '2016-03-12 10:17:46', '2016-03-12 10:18:20'),
(14, '2000000001', '123', '200', '6', '{"1000000004":"4","1000000002":"2","1000000001":"1"}', '{"1000000004":"2","1000000002":"8","1000000001":"8","1000000003":"4"}', '2016-03-22 19:20:40', '2016-03-22 19:20:53'),
(15, '2000000002', '123', '200', '0', '[]', '{"1000000001":"0"}', '2016-03-22 19:31:20', '2016-03-22 19:32:17'),
(16, '2000000002', '123', '200', '0', '[]', '{"1000000001":"0"}', '2016-03-22 19:32:22', '2016-03-22 19:32:40'),
(17, '2000000002', '123', '200', '0', '[]', '{"1000000001":"0"}', '2016-03-22 19:33:26', '2016-03-22 19:33:41'),
(18, '2000000001', '123', '200', '6', '{"1000000004":"4","1000000002":"2","1000000001":"1"}', '{"1000000004":"2","1000000002":"8","1000000001":"8","1000000003":"8"}', '2016-03-24 15:07:55', '2016-03-24 16:19:33'),
(19, '2000000001', '123', '200', '6', '{"1000000004":"4","1000000002":"2","1000000001":"1"}', '{"1000000004":"2","1000000002":"8","1000000001":"8","1000000003":"8"}', '2016-03-24 15:27:01', '2016-03-24 15:44:08'),
(20, '2000000001', '123', '200', '6', '{"1000000004":"4","1000000002":"2","1000000001":"1"}', '{"1000000004":"2","1000000002":"4","1000000001":"8","1000000003":"4"}', '2016-03-24 15:44:12', '2016-03-24 15:59:56'),
(21, '2000000001', '123', '200', '6', '{"1000000004":"4","1000000002":"2","1000000001":"1"}', '{"1000000004":"2","1000000002":"8","1000000001":"8","1000000003":"8"}', '2016-03-24 16:03:56', '2016-03-24 17:33:57'),
(22, '', '', '', '', '', '', '2016-03-25 16:15:14', '0000-00-00 00:00:00'),
(23, '2000000001', '123', '200', '6', '{"1000000004":"4","1000000002":"2","1000000001":"1"}', '{"1000000004":"1","2011030573":"0","1000000002":"4","1000000001":"8","1000000003":"8"}', '2016-03-26 15:03:43', '2016-03-26 15:04:39'),
(24, '2000000001', '123', '200', '16', '{"1000000004":"4","2011030570":"4","2011030572":"4","2011030573":"4","1000000002":"2","1000000001":"1","2011030561":"8","2011030566":"4"}', '{"1000000004":"2","2011030567":"8","2011030568":"8","2011030569":"2","2011030571":"2","2011030573":"0","2011030574":"2","2011030560":"8","2011030563":"2","1000000002":"4","2011030575":"4","1000000001":"8","1000000003":"4","2011030562":"4","2011030564":"8","2011030565":"2"}', '2016-03-26 16:32:03', '2016-03-26 16:34:19'),
(25, '', '', '', '', '', '', '2016-04-06 11:08:16', '0000-00-00 00:00:00'),
(26, '', '', '', '', '', '', '2016-04-23 16:07:22', '0000-00-00 00:00:00'),
(27, '', '', '', '', '', '', '2016-04-23 20:05:08', '0000-00-00 00:00:00'),
(28, '2000000001', '123', '200', '16', '{"1000000004":"4","2011030570":"4","2011030572":"4","2011030573":"4","1000000002":"2","1000000001":"1","2011030561":"8","2011030566":"4"}', '{"1000000004":"0","2011030567":"8","2011030568":"8","2011030569":"2","2011030571":"2","2011030573":"0","2011030574":"2","2011030560":"8","2011030563":"2","1000000002":"4","2011030575":"4","1000000001":"8","1000000003":"4","2011030562":"4","2011030564":"8","2011030565":"2"}', '2016-09-04 15:26:59', '2016-09-04 15:27:13'),
(29, '2000000001', '123', '200', '18', '{"1000000004":"4","2011030570":"4","2011030572":"4","2011030573":"4","1000000002":"2","1000000001":"1","2011030561":"8","2011030564":"4","2011030566":"4"}', '{"1000000004":"1","2011030567":"8","2011030568":"8","2011030569":"2","2011030571":"2","2011030573":"0","2011030574":"2","2011030560":"8","2011030563":"2","1000000002":"4","2011030575":"4","1000000001":"4","1000000003":"8","2011030561":"4","2011030562":"4","2011030564":"8","2011030565":"8","2011030566":"2"}', '2016-09-04 16:16:16', '2016-09-04 16:16:56');

-- --------------------------------------------------------

--
-- 表的结构 `app2_times`
--

CREATE TABLE `app2_times` (
  `username` char(40) NOT NULL,
  `ip` char(15) NOT NULL,
  `logintime` int(10) UNSIGNED NOT NULL DEFAULT '0',
  `isadmin` tinyint(1) NOT NULL DEFAULT '0',
  `times` tinyint(1) UNSIGNED NOT NULL DEFAULT '0'
) ENGINE=MyISAM DEFAULT CHARSET=utf8;

--
-- Indexes for dumped tables
--

--
-- Indexes for table `app2_admin`
--
ALTER TABLE `app2_admin`
  ADD PRIMARY KEY (`userid`),
  ADD KEY `username` (`username`);

--
-- Indexes for table `app2_admin_role`
--
ALTER TABLE `app2_admin_role`
  ADD PRIMARY KEY (`roleid`),
  ADD KEY `listorder` (`listorder`),
  ADD KEY `disabled` (`disabled`);

--
-- Indexes for table `app2_admin_role_priv`
--
ALTER TABLE `app2_admin_role_priv`
  ADD KEY `roleid` (`roleid`,`c`,`a`);

--
-- Indexes for table `app2_category`
--
ALTER TABLE `app2_category`
  ADD PRIMARY KEY (`catid`);

--
-- Indexes for table `app2_category_priv`
--
ALTER TABLE `app2_category_priv`
  ADD KEY `catid` (`catid`,`roleid`,`is_admin`,`action`);

--
-- Indexes for table `app2_data_dict`
--
ALTER TABLE `app2_data_dict`
  ADD PRIMARY KEY (`type_id`),
  ADD UNIQUE KEY `lv_2_id` (`type_id`);

--
-- Indexes for table `app2_link`
--
ALTER TABLE `app2_link`
  ADD PRIMARY KEY (`linkid`);

--
-- Indexes for table `app2_log`
--
ALTER TABLE `app2_log`
  ADD PRIMARY KEY (`logid`),
  ADD KEY `module` (`controller`,`action`),
  ADD KEY `username` (`username`);

--
-- Indexes for table `app2_menu`
--
ALTER TABLE `app2_menu`
  ADD PRIMARY KEY (`id`),
  ADD KEY `listorder` (`listorder`),
  ADD KEY `parentid` (`parentid`),
  ADD KEY `module` (`c`,`a`);

--
-- Indexes for table `app2_news`
--
ALTER TABLE `app2_news`
  ADD PRIMARY KEY (`id`),
  ADD KEY `status` (`status`,`listorder`,`id`),
  ADD KEY `listorder` (`catid`,`status`,`listorder`,`id`),
  ADD KEY `catid` (`catid`,`status`,`id`);

--
-- Indexes for table `app2_optiondata`
--
ALTER TABLE `app2_optiondata`
  ADD PRIMARY KEY (`question_id`),
  ADD UNIQUE KEY `question_id` (`question_id`);

--
-- Indexes for table `app2_page`
--
ALTER TABLE `app2_page`
  ADD KEY `catid` (`catid`);

--
-- Indexes for table `app2_paper_content`
--
ALTER TABLE `app2_paper_content`
  ADD PRIMARY KEY (`paper_id`),
  ADD UNIQUE KEY `paper_id` (`paper_id`);

--
-- Indexes for table `app2_paper_grade`
--
ALTER TABLE `app2_paper_grade`
  ADD PRIMARY KEY (`test_type_id`);

--
-- Indexes for table `app2_setting`
--
ALTER TABLE `app2_setting`
  ADD PRIMARY KEY (`key`);

--
-- Indexes for table `app2_student_auth`
--
ALTER TABLE `app2_student_auth`
  ADD PRIMARY KEY (`student_id`),
  ADD UNIQUE KEY `studentid` (`student_id`);

--
-- Indexes for table `app2_student_info`
--
ALTER TABLE `app2_student_info`
  ADD PRIMARY KEY (`student_id`),
  ADD UNIQUE KEY `student_id` (`student_id`);

--
-- Indexes for table `app2_student_test`
--
ALTER TABLE `app2_student_test`
  ADD PRIMARY KEY (`id`),
  ADD UNIQUE KEY `id` (`id`);

--
-- Indexes for table `app2_submit_exam`
--
ALTER TABLE `app2_submit_exam`
  ADD PRIMARY KEY (`submit_id`);

--
-- Indexes for table `app2_submit_summary`
--
ALTER TABLE `app2_submit_summary`
  ADD PRIMARY KEY (`test_id`),
  ADD UNIQUE KEY `save_id` (`test_id`);

--
-- Indexes for table `app2_times`
--
ALTER TABLE `app2_times`
  ADD PRIMARY KEY (`username`,`isadmin`);

--
-- 在导出的表使用AUTO_INCREMENT
--

--
-- 使用表AUTO_INCREMENT `app2_admin`
--
ALTER TABLE `app2_admin`
  MODIFY `userid` mediumint(6) UNSIGNED NOT NULL AUTO_INCREMENT, AUTO_INCREMENT=5;
--
-- 使用表AUTO_INCREMENT `app2_admin_role`
--
ALTER TABLE `app2_admin_role`
  MODIFY `roleid` tinyint(3) UNSIGNED NOT NULL AUTO_INCREMENT, AUTO_INCREMENT=3;
--
-- 使用表AUTO_INCREMENT `app2_category`
--
ALTER TABLE `app2_category`
  MODIFY `catid` smallint(5) UNSIGNED NOT NULL AUTO_INCREMENT;
--
-- 使用表AUTO_INCREMENT `app2_link`
--
ALTER TABLE `app2_link`
  MODIFY `linkid` smallint(5) UNSIGNED NOT NULL AUTO_INCREMENT;
--
-- 使用表AUTO_INCREMENT `app2_log`
--
ALTER TABLE `app2_log`
  MODIFY `logid` int(10) UNSIGNED NOT NULL AUTO_INCREMENT;
--
-- 使用表AUTO_INCREMENT `app2_menu`
--
ALTER TABLE `app2_menu`
  MODIFY `id` smallint(6) UNSIGNED NOT NULL AUTO_INCREMENT, AUTO_INCREMENT=57;
--
-- 使用表AUTO_INCREMENT `app2_news`
--
ALTER TABLE `app2_news`
  MODIFY `id` mediumint(8) UNSIGNED NOT NULL AUTO_INCREMENT;
--
-- 使用表AUTO_INCREMENT `app2_optiondata`
--
ALTER TABLE `app2_optiondata`
  MODIFY `question_id` int(16) NOT NULL AUTO_INCREMENT COMMENT '自增ID', AUTO_INCREMENT=2011030654;
--
-- 使用表AUTO_INCREMENT `app2_paper_content`
--
ALTER TABLE `app2_paper_content`
  MODIFY `paper_id` int(16) NOT NULL AUTO_INCREMENT COMMENT '试卷唯一ID自增', AUTO_INCREMENT=2000000004;
--
-- 使用表AUTO_INCREMENT `app2_paper_grade`
--
ALTER TABLE `app2_paper_grade`
  MODIFY `test_type_id` int(16) NOT NULL AUTO_INCREMENT COMMENT '唯一ID自增', AUTO_INCREMENT=2;
--
-- 使用表AUTO_INCREMENT `app2_student_test`
--
ALTER TABLE `app2_student_test`
  MODIFY `id` int(16) NOT NULL AUTO_INCREMENT COMMENT '主键自增', AUTO_INCREMENT=193;
--
-- 使用表AUTO_INCREMENT `app2_submit_exam`
--
ALTER TABLE `app2_submit_exam`
  MODIFY `submit_id` bigint(32) UNSIGNED NOT NULL AUTO_INCREMENT, AUTO_INCREMENT=74;
--
-- 使用表AUTO_INCREMENT `app2_submit_summary`
--
ALTER TABLE `app2_submit_summary`
  MODIFY `test_id` bigint(32) NOT NULL AUTO_INCREMENT COMMENT '自增ID', AUTO_INCREMENT=30;
/*!40101 SET CHARACTER_SET_CLIENT=@OLD_CHARACTER_SET_CLIENT */;
/*!40101 SET CHARACTER_SET_RESULTS=@OLD_CHARACTER_SET_RESULTS */;
/*!40101 SET COLLATION_CONNECTION=@OLD_COLLATION_CONNECTION */;
